Year,Votes,Rating
1.0,0.1671314671040867,-0.15610612673607274
0.1671314671040867,1.0,0.4968851602405905
-0.15610612673607274,0.4968851602405905,1.0
